,precision,recall,f1-score,support
1,0.3333333333333333,0.2833333333333333,0.3063063063063063,60.0
2,0.21428571428571427,0.23076923076923078,0.2222222222222222,39.0
3,0.37681159420289856,0.4727272727272727,0.41935483870967744,55.0
4,0.2894736842105263,0.2391304347826087,0.2619047619047619,46.0
accuracy,0.315,0.315,0.315,0.315
macro avg,0.3034760815081181,0.30649006790311134,0.30244703228574193,200.0
weighted avg,0.31198785005993246,0.315,0.31078590110848175,200.0
