,precision,recall,f1-score,support
1,0.43636363636363634,0.4,0.41739130434782606,60.0
2,0.30952380952380953,0.3333333333333333,0.32098765432098764,39.0
3,0.4666666666666667,0.509090909090909,0.48695652173913045,55.0
4,0.4186046511627907,0.391304347826087,0.4044943820224719,46.0
accuracy,0.415,0.415,0.415,0.415
macro avg,0.40778969092922585,0.40843214756258234,0.407457465607604,200.0
weighted avg,0.41587863686700893,0.415,0.41475673524036977,200.0
