feature,VIF
region,6.050553808263479
tenure,6.355713897438371
age,19.44594327713367
marital,3.4527288115215815
address,4.413375201865474
income,2.4318864971791725
ed,6.104700383426231
employ,5.705308258938909
retire,1.3608160280348287
gender,2.0396765672639456
reside,5.7510728930841095
custcat,6.185329812286609
