feature,VIF
region,1.0178735204112481
tenure,1.7039266504741915
age,2.9369112460571447
marital,1.7807313303784318
address,1.9853537281907634
income,4.775532999090585
ed,1.2552725854798743
employ,2.736751406326473
retire,1.370019468253967
gender,1.019529204792168
reside,1.8509801637700563
custcat,1.100509611074183
age_tenure_ratio,1.0201338937024749
income_employ_product,3.5315780850122205
